{"cameraMode":{"drawMode":0,"name":"Shaded","section":"Shading Mode"},"sceneLighting":true,"audioPlay":false,"sceneViewState":{"m_AlwaysRefresh":false,"showFog":true,"showSkybox":true,"showFlares":true,"showImageEffects":true,"showParticleSystems":true,"showVisualEffectGraphs":true,"m_FxEnabled":true},"in2DMode":false,"pivot":{"x":273.2272644042969,"y":348.65179443359377,"z":276.105224609375},"rotation":{"x":-0.002248164266347885,"y":0.9964290857315064,"z":-0.07969406247138977,"w":-0.028106261044740678},"size":55.34991455078125,"orthographic":false}